"asset,""return"",""sharpe"",""volatility"",""max_dd"""
S&P500,-0.0823454417266077,-0.38608943560997,0.296737535948625,-0.179564731362806
NASDAQ100,-0.213727225679701,-0.903374541200817,0.401548418408369,-0.306295483611523
MSCI WORLD,-0.065221149747829,-0.291640373461379,0.28643384970278,-0.181523403159525
BTC (Buy & Hold),-0.660710033726977,-2.48651522791739,0.699949781479699,-0.666971646025107
